CODGEO,NBMENFISC17,NBPERSMENFISC17,MED17,PIMP17,TP6017,TP60AGE117,TP60AGE217,TP60AGE317,TP60AGE417,TP60AGE517,TP60AGE617,TP60TOL117,TP60TOL217,PACT17,PTSA17,PCHO17,PBEN17,PPEN17,PPAT17,PPSOC17,PPFAM17,PPMINI17,PPLOGT17,PIMPOT17,D117,D917,RD17,year,extraction_source_url,ingestion_timestamp,source_file_name
69001,136,383,22610,,,,,,,,,,,,,,,,,,,,,,,,,2017,https://www.insee.fr/fr/statistiques/fichier/4507225/base-filosofi-2017_CSV.zip,2026-04-01T19:29:55.428669,INSEE_FILOSOFI_2017
69002,115,242,19550,,,,,,,,,,,,,,,,,,,,,,,,,2017,https://www.insee.fr/fr/statistiques/fichier/4507225/base-filosofi-2017_CSV.zip,2026-04-01T19:29:55.428669,INSEE_FILOSOFI_2017
69003,972,2326,23390,61,10,,,,,,,,23,81.8,73.3,3.7,4.8,23.8,9.7,4.5,2.1,1.4,1,-19.8,12500,45230,3.6,2017,https://www.insee.fr/fr/statistiques/fichier/4507225/base-filosofi-2017_CSV.zip,2026-04-01T19:29:55.428669,INSEE_FILOSOFI_2017
69004,253,693,25360,,,,,,,,,,,,,,,,,,,,,,,,,2017,https://www.insee.fr/fr/statistiques/fichier/4507225/base-filosofi-2017_CSV.zip,2026-04-01T19:29:55.428669,INSEE_FILOSOFI_2017
69005,209,580,25820,,,,,,,,,,,,,,,,,,,,,,,,,2017,https://www.insee.fr/fr/statistiques/fichier/4507225/base-filosofi-2017_CSV.zip,2026-04-01T19:29:55.428669,INSEE_FILOSOFI_2017
69006,2095,4621,19180,41,14,,,,,,,,27,62.9,54.5,2.5,5.9,35,9.3,6.7,2.8,2.2,1.7,-13.9,11430,31870,2.8,2017,https://www.insee.fr/fr/statistiques/fichier/4507225/base-filosofi-2017_CSV.zip,2026-04-01T19:29:55.428669,INSEE_FILOSOFI_2017
69007,1131,2656,24550,65,,,,,,,,,,79.4,67.5,2,9.9,23.5,14.1,2.6,1.4,0.7,0.5,-19.6,15150,41470,2.7,2017,https://www.insee.fr/fr/statistiques/fichier/4507225/base-filosofi-2017_CSV.zip,2026-04-01T19:29:55.428669,INSEE_FILOSOFI_2017
69008,250,688,22710,,,,,,,,,,,,,,,,,,,,,,,,,2017,https://www.insee.fr/fr/statistiques/fichier/4507225/base-filosofi-2017_CSV.zip,2026-04-01T19:29:55.428669,INSEE_FILOSOFI_2017
69009,2746,7133,23110,58,8,,,,,,,,17,82.4,75.8,2.7,3.9,21.4,7.9,4.5,2.5,1.1,0.9,-16.2,13650,37930,2.8,2017,https://www.insee.fr/fr/statistiques/fichier/4507225/base-filosofi-2017_CSV.zip,2026-04-01T19:29:55.428669,INSEE_FILOSOFI_2017
69010,2618,6133,21320,51,14,,,15,,,,,26,75.7,69.8,3.1,2.8,26,6.6,6.5,2.8,2.1,1.6,-14.8,11540,34390,3,2017,https://www.insee.fr/fr/statistiques/fichier/4507225/base-filosofi-2017_CSV.zip,2026-04-01T19:29:55.428669,INSEE_FILOSOFI_2017
69012,242,612,21320,,,,,,,,,,,,,,,,,,,,,,,,,2017,https://www.insee.fr/fr/statistiques/fichier/4507225/base-filosofi-2017_CSV.zip,2026-04-01T19:29:55.428669,INSEE_FILOSOFI_2017
69013,1466,3778,23160,61,7,,,,,,,,,75.9,69.3,2.8,3.8,27.1,9.8,3.9,2.3,0.8,0.8,-16.7,13820,38450,2.8,2017,https://www.insee.fr/fr/statistiques/fichier/4507225/base-filosofi-2017_CSV.zip,2026-04-01T19:29:55.428669,INSEE_FILOSOFI_2017
69014,382,998,21360,,,,,,,,,,,,,,,,,,,,,,,,,2017,https://www.insee.fr/fr/statistiques/fichier/4507225/base-filosofi-2017_CSV.zip,2026-04-01T19:29:55.428669,INSEE_FILOSOFI_2017
69016,47,123,18540,,,,,,,,,,,,,,,,,,,,,,,,,2017,https://www.insee.fr/fr/statistiques/fichier/4507225/base-filosofi-2017_CSV.zip,2026-04-01T19:29:55.428669,INSEE_FILOSOFI_2017
69017,303,793,25770,,,,,,,,,,,,,,,,,,,,,,,,,2017,https://www.insee.fr/fr/statistiques/fichier/4507225/base-filosofi-2017_CSV.zip,2026-04-01T19:29:55.428669,INSEE_FILOSOFI_2017
69018,864,1796,19700,,,,,,,,,,,,,,,,,,,,,,,,,2017,https://www.insee.fr/fr/statistiques/fichier/4507225/base-filosofi-2017_CSV.zip,2026-04-01T19:29:55.428669,INSEE_FILOSOFI_2017
69019,5212,12372,20450,46,12,,11,12,15,,,5,22,74.8,68.8,3.3,2.7,24.3,7.4,6.9,3.2,2.1,1.6,-13.4,12080,32130,2.7,2017,https://www.insee.fr/fr/statistiques/fichier/4507225/base-filosofi-2017_CSV.zip,2026-04-01T19:29:55.428669,INSEE_FILOSOFI_2017
69020,240,661,24540,,,,,,,,,,,,,,,,,,,,,,,,,2017,https://www.insee.fr/fr/statistiques/fichier/4507225/base-filosofi-2017_CSV.zip,2026-04-01T19:29:55.428669,INSEE_FILOSOFI_2017
69021,923,2293,22910,58,,,,,,,,,,75,65.4,3.2,6.4,25.9,12.9,3.7,2.2,0.8,0.7,-17.5,14350,35760,2.5,2017,https://www.insee.fr/fr/statistiques/fichier/4507225/base-filosofi-2017_CSV.zip,2026-04-01T19:29:55.428669,INSEE_FILOSOFI_2017
69022,206,536,23770,,,,,,,,,,,,,,,,,,,,,,,,,2017,https://www.insee.fr/fr/statistiques/fichier/4507225/base-filosofi-2017_CSV.zip,2026-04-01T19:29:55.428669,INSEE_FILOSOFI_2017
69023,602,1564,24110,,,,,,,,,,,,,,,,,,,,,,,,,2017,https://www.insee.fr/fr/statistiques/fichier/4507225/base-filosofi-2017_CSV.zip,2026-04-01T19:29:55.428669,INSEE_FILOSOFI_2017
69024,1695,4100,24050,63,6,,,,,,,,,74.9,66.8,2.5,5.6,28.6,10.6,3.2,1.7,0.9,0.6,-17.3,14470,39970,2.8,2017,https://www.insee.fr/fr/statistiques/fichier/4507225/base-filosofi-2017_CSV.zip,2026-04-01T19:29:55.428669,INSEE_FILOSOFI_2017
69026,181,504,23630,,,,,,,,,,,,,,,,,,,,,,,,,2017,https://www.insee.fr/fr/statistiques/fichier/4507225/base-filosofi-2017_CSV.zip,2026-04-01T19:29:55.428669,INSEE_FILOSOFI_2017
69027,4806,11725,24490,64,8,,10,11,,,,,18,75.5,69,2.5,4,28.2,10.5,3.8,1.9,1.1,0.8,-18,13430,42390,3.2,2017,https://www.insee.fr/fr/statistiques/fichier/4507225/base-filosofi-2017_CSV.zip,2026-04-01T19:29:55.428669,INSEE_FILOSOFI_2017
69028,2392,6369,27320,69,5,,,,,,,,,82.7,75.7,2.3,4.7,22.1,12.7,2.8,1.7,0.6,0.5,-20.3,15550,47440,3.1,2017,https://www.insee.fr/fr/statistiques/fichier/4507225/base-filosofi-2017_CSV.zip,2026-04-01T19:29:55.428669,INSEE_FILOSOFI_2017
69029,16494,38640,20110,53,20,26,26,24,18,14,8,7,33,73.9,66.2,3.5,4.2,27.4,8.8,7.1,2.9,2.3,1.9,-17.2,10120,37630,3.7,2017,https://www.insee.fr/fr/statistiques/fichier/4507225/base-filosofi-2017_CSV.zip,2026-04-01T19:29:55.428669,INSEE_FILOSOFI_2017
69030,321,819,23180,,,,,,,,,,,,,,,,,,,,,,,,,2017,https://www.insee.fr/fr/statistiques/fichier/4507225/base-filosofi-2017_CSV.zip,2026-04-01T19:29:55.428669,INSEE_FILOSOFI_2017
69031,507,1400,22910,,,,,,,,,,,,,,,,,,,,,,,,,2017,https://www.insee.fr/fr/statistiques/fichier/4507225/base-filosofi-2017_CSV.zip,2026-04-01T19:29:55.428669,INSEE_FILOSOFI_2017
69032,787,1994,24770,,,,,,,,,,,,,,,,,,,,,,,,,2017,https://www.insee.fr/fr/statistiques/fichier/4507225/base-filosofi-2017_CSV.zip,2026-04-01T19:29:55.428669,INSEE_FILOSOFI_2017
69033,1030,2822,31460,80,,,,,,,,,,88,78.5,2,7.5,19.8,13,1.7,1.1,0.4,0.2,-22.5,18570,53600,2.9,2017,https://www.insee.fr/fr/statistiques/fichier/4507225/base-filosofi-2017_CSV.zip,2026-04-01T19:29:55.428669,INSEE_FILOSOFI_2017
69034,19219,41740,25010,66,10,14,12,13,10,6,5,5,19,76,67.1,2.7,6.2,28.6,13.8,3.4,1.4,1.1,0.9,-21.8,12850,49270,3.8,2017,https://www.insee.fr/fr/statistiques/fichier/4507225/base-filosofi-2017_CSV.zip,2026-04-01T19:29:55.428669,INSEE_FILOSOFI_2017
69035,161,396,22490,,,,,,,,,,,,,,,,,,,,,,,,,2017,https://www.insee.fr/fr/statistiques/fichier/4507225/base-filosofi-2017_CSV.zip,2026-04-01T19:29:55.428669,INSEE_FILOSOFI_2017
69036,423,1104,22280,,,,,,,,,,,,,,,,,,,,,,,,,2017,https://www.insee.fr/fr/statistiques/fichier/4507225/base-filosofi-2017_CSV.zip,2026-04-01T19:29:55.428669,INSEE_FILOSOFI_2017
69037,327,791,20970,,,,,,,,,,,,,,,,,,,,,,,,,2017,https://www.insee.fr/fr/statistiques/fichier/4507225/base-filosofi-2017_CSV.zip,2026-04-01T19:29:55.428669,INSEE_FILOSOFI_2017
69038,379,938,20160,,,,,,,,,,,,,,,,,,,,,,,,,2017,https://www.insee.fr/fr/statistiques/fichier/4507225/base-filosofi-2017_CSV.zip,2026-04-01T19:29:55.428669,INSEE_FILOSOFI_2017
69039,287,698,21410,,,,,,,,,,,,,,,,,,,,,,,,,2017,https://www.insee.fr/fr/statistiques/fichier/4507225/base-filosofi-2017_CSV.zip,2026-04-01T19:29:55.428669,INSEE_FILOSOFI_2017
69040,2479,5643,25510,66,9,,,,,,,,18,73.3,65.9,2.9,4.5,30,13.2,3.7,1.6,1.2,0.9,-20.2,13190,49580,3.8,2017,https://www.insee.fr/fr/statistiques/fichier/4507225/base-filosofi-2017_CSV.zip,2026-04-01T19:29:55.428669,INSEE_FILOSOFI_2017
69042,206,592,22180,,,,,,,,,,,,,,,,,,,,,,,,,2017,https://www.insee.fr/fr/statistiques/fichier/4507225/base-filosofi-2017_CSV.zip,2026-04-01T19:29:55.428669,INSEE_FILOSOFI_2017
69043,3485,8968,28660,72,5,,,,,,,,14,77.7,70.2,2.3,5.2,27.3,14.2,2.4,1.4,0.5,0.5,-21.6,15520,52220,3.4,2017,https://www.insee.fr/fr/statistiques/fichier/4507225/base-filosofi-2017_CSV.zip,2026-04-01T19:29:55.428669,INSEE_FILOSOFI_2017
69044,2124,5264,34680,77,5,,,,,,,,,76.2,67.5,2.2,6.5,28.4,20,1.5,0.8,0.4,0.3,-26.1,16380,70010,4.3,2017,https://www.insee.fr/fr/statistiques/fichier/4507225/base-filosofi-2017_CSV.zip,2026-04-01T19:29:55.428669,INSEE_FILOSOFI_2017
69045,488,1238,22680,,,,,,,,,,,,,,,,,,,,,,,,,2017,https://www.insee.fr/fr/statistiques/fichier/4507225/base-filosofi-2017_CSV.zip,2026-04-01T19:29:55.428669,INSEE_FILOSOFI_2017
69046,1756,4738,31190,77,,,,,,,,,,80.4,72,2,6.4,25.2,15.7,1.8,1.1,0.4,0.3,-23.1,17300,56840,3.3,2017,https://www.insee.fr/fr/statistiques/fichier/4507225/base-filosofi-2017_CSV.zip,2026-04-01T19:29:55.428669,INSEE_FILOSOFI_2017
69047,393,974,29270,,,,,,,,,,,,,,,,,,,,,,,,,2017,https://www.insee.fr/fr/statistiques/fichier/4507225/base-filosofi-2017_CSV.zip,2026-04-01T19:29:55.428669,INSEE_FILOSOFI_2017
69049,1058,2730,29760,73,,,,,,,,,,78.8,69.4,2.6,6.8,27.6,13.6,1.7,1.1,0.3,0.3,-21.7,16870,54380,3.2,2017,https://www.insee.fr/fr/statistiques/fichier/4507225/base-filosofi-2017_CSV.zip,2026-04-01T19:29:55.428669,INSEE_FILOSOFI_2017
69050,884,2235,25960,66,,,,,,,,,,80.4,73.2,2.6,4.6,25.4,10.3,2.7,1.6,0.7,0.4,-18.8,14690,42940,2.9,2017,https://www.insee.fr/fr/statistiques/fichier/4507225/base-filosofi-2017_CSV.zip,2026-04-01T19:29:55.428669,INSEE_FILOSOFI_2017
69051,423,1167,23480,,,,,,,,,,,,,,,,,,,,,,,,,2017,https://www.insee.fr/fr/statistiques/fichier/4507225/base-filosofi-2017_CSV.zip,2026-04-01T19:29:55.428669,INSEE_FILOSOFI_2017
69052,1646,4221,28460,71,,,,,,,,,,79.4,72.4,2.2,4.8,27.3,10.3,1.9,1.3,0.3,0.3,-18.9,16860,46920,2.8,2017,https://www.insee.fr/fr/statistiques/fichier/4507225/base-filosofi-2017_CSV.zip,2026-04-01T19:29:55.428669,INSEE_FILOSOFI_2017
69053,202,510,23190,,,,,,,,,,,,,,,,,,,,,,,,,2017,https://www.insee.fr/fr/statistiques/fichier/4507225/base-filosofi-2017_CSV.zip,2026-04-01T19:29:55.428669,INSEE_FILOSOFI_2017
69054,164,348,22110,,,,,,,,,,,,,,,,,,,,,,,,,2017,https://www.insee.fr/fr/statistiques/fichier/4507225/base-filosofi-2017_CSV.zip,2026-04-01T19:29:55.428669,INSEE_FILOSOFI_2017
69055,560,1462,25450,,,,,,,,,,,,,,,,,,,,,,,,,2017,https://www.insee.fr/fr/statistiques/fichier/4507225/base-filosofi-2017_CSV.zip,2026-04-01T19:29:55.428669,INSEE_FILOSOFI_2017
69056,758,2049,24270,65,,,,,,,,,,84.5,79.2,2.3,3,21,6.6,3.4,2.3,0.6,0.5,-15.5,15520,36660,2.4,2017,https://www.insee.fr/fr/statistiques/fichier/4507225/base-filosofi-2017_CSV.zip,2026-04-01T19:29:55.428669,INSEE_FILOSOFI_2017
69057,222,586,25280,,,,,,,,,,,,,,,,,,,,,,,,,2017,https://www.insee.fr/fr/statistiques/fichier/4507225/base-filosofi-2017_CSV.zip,2026-04-01T19:29:55.428669,INSEE_FILOSOFI_2017
69058,161,383,20650,,,,,,,,,,,,,,,,,,,,,,,,,2017,https://www.insee.fr/fr/statistiques/fichier/4507225/base-filosofi-2017_CSV.zip,2026-04-01T19:29:55.428669,INSEE_FILOSOFI_2017
69059,576,1457,26040,,,,,,,,,,,,,,,,,,,,,,,,,2017,https://www.insee.fr/fr/statistiques/fichier/4507225/base-filosofi-2017_CSV.zip,2026-04-01T19:29:55.428669,INSEE_FILOSOFI_2017
69060,242,573,20180,,,,,,,,,,,,,,,,,,,,,,,,,2017,https://www.insee.fr/fr/statistiques/fichier/4507225/base-filosofi-2017_CSV.zip,2026-04-01T19:29:55.428669,INSEE_FILOSOFI_2017
69061,485,1240,25400,,,,,,,,,,,,,,,,,,,,,,,,,2017,https://www.insee.fr/fr/statistiques/fichier/4507225/base-filosofi-2017_CSV.zip,2026-04-01T19:29:55.428669,INSEE_FILOSOFI_2017
69062,297,782,20360,,,,,,,,,,,,,,,,,,,,,,,,,2017,https://www.insee.fr/fr/statistiques/fichier/4507225/base-filosofi-2017_CSV.zip,2026-04-01T19:29:55.428669,INSEE_FILOSOFI_2017
69063,1743,4455,32080,75,5,,,,,,,,,82.5,70.8,2.6,9.1,21.2,20.8,1.9,1,0.5,0.4,-26.4,15720,69430,4.4,2017,https://www.insee.fr/fr/statistiques/fichier/4507225/base-filosofi-2017_CSV.zip,2026-04-01T19:29:55.428669,INSEE_FILOSOFI_2017
69064,1637,3570,22110,55,10,,,,,,,,20,70.4,60.6,2.9,6.9,30.8,11.4,4.1,1.9,1.2,1,-16.7,12580,38330,3,2017,https://www.insee.fr/fr/statistiques/fichier/4507225/base-filosofi-2017_CSV.zip,2026-04-01T19:29:55.428669,INSEE_FILOSOFI_2017
69065,359,932,22940,,,,,,,,,,,,,,,,,,,,,,,,,2017,https://www.insee.fr/fr/statistiques/fichier/4507225/base-filosofi-2017_CSV.zip,2026-04-01T19:29:55.428669,INSEE_FILOSOFI_2017
69066,2012,4250,19930,43,11,,,,,,,,23,56.9,50.6,2.9,3.4,39.6,12.3,5.2,2.1,1.8,1.3,-14,12240,33090,2.7,2017,https://www.insee.fr/fr/statistiques/fichier/4507225/base-filosofi-2017_CSV.zip,2026-04-01T19:29:55.428669,INSEE_FILOSOFI_2017
69067,474,1118,21140,,,,,,,,,,,,,,,,,,,,,,,,,2017,https://www.insee.fr/fr/statistiques/fichier/4507225/base-filosofi-2017_CSV.zip,2026-04-01T19:29:55.428669,INSEE_FILOSOFI_2017
69068,992,2390,25450,63,,,,,,,,,,78,67.9,3.3,6.8,25.7,13.2,3.1,1.5,0.9,0.7,-20,13460,45900,3.4,2017,https://www.insee.fr/fr/statistiques/fichier/4507225/base-filosofi-2017_CSV.zip,2026-04-01T19:29:55.428669,INSEE_FILOSOFI_2017
69069,4877,11484,25200,66,7,,,9,,,,,15,75.7,69.5,2.8,3.4,28.9,10.9,3.4,1.7,0.9,0.8,-18.9,14040,43340,3.1,2017,https://www.insee.fr/fr/statistiques/fichier/4507225/base-filosofi-2017_CSV.zip,2026-04-01T19:29:55.428669,INSEE_FILOSOFI_2017
69070,515,1221,21070,,,,,,,,,,,,,,,,,,,,,,,,,2017,https://www.insee.fr/fr/statistiques/fichier/4507225/base-filosofi-2017_CSV.zip,2026-04-01T19:29:55.428669,INSEE_FILOSOFI_2017
69071,425,1128,30270,,,,,,,,,,,,,,,,,,,,,,,,,2017,https://www.insee.fr/fr/statistiques/fichier/4507225/base-filosofi-2017_CSV.zip,2026-04-01T19:29:55.428669,INSEE_FILOSOFI_2017
69072,3167,8537,30510,73,5,,,,,,,,14,81.3,73.2,2.5,5.6,24.3,15.9,2.3,1.3,0.5,0.5,-23.8,15690,60000,3.8,2017,https://www.insee.fr/fr/statistiques/fichier/4507225/base-filosofi-2017_CSV.zip,2026-04-01T19:29:55.428669,INSEE_FILOSOFI_2017
69074,607,1618,25500,,,,,,,,,,,,,,,,,,,,,,,,,2017,https://www.insee.fr/fr/statistiques/fichier/4507225/base-filosofi-2017_CSV.zip,2026-04-01T19:29:55.428669,INSEE_FILOSOFI_2017
69075,66,197,22650,,,,,,,,,,,,,,,,,,,,,,,,,2017,https://www.insee.fr/fr/statistiques/fichier/4507225/base-filosofi-2017_CSV.zip,2026-04-01T19:29:55.428669,INSEE_FILOSOFI_2017
69076,956,2651,31560,76,,,,,,,,,,84.4,77.4,2.3,4.7,22.5,15.3,1.5,0.9,0.4,0.2,-23.7,17510,60320,3.4,2017,https://www.insee.fr/fr/statistiques/fichier/4507225/base-filosofi-2017_CSV.zip,2026-04-01T19:29:55.428669,INSEE_FILOSOFI_2017
69077,350,949,23250,,,,,,,,,,,,,,,,,,,,,,,,,2017,https://www.insee.fr/fr/statistiques/fichier/4507225/base-filosofi-2017_CSV.zip,2026-04-01T19:29:55.428669,INSEE_FILOSOFI_2017
69078,318,849,21640,,,,,,,,,,,,,,,,,,,,,,,,,2017,https://www.insee.fr/fr/statistiques/fichier/4507225/base-filosofi-2017_CSV.zip,2026-04-01T19:29:55.428669,INSEE_FILOSOFI_2017
69080,656,1749,23770,,,,,,,,,,,,,,,,,,,,,,,,,2017,https://www.insee.fr/fr/statistiques/fichier/4507225/base-filosofi-2017_CSV.zip,2026-04-01T19:29:55.428669,INSEE_FILOSOFI_2017
69081,6779,16084,27610,67,10,,15,11,11,,,5,20,70.4,62.3,2.2,5.9,31.4,20.3,2.9,1.4,0.8,0.7,-25,12720,59610,4.7,2017,https://www.insee.fr/fr/statistiques/fichier/4507225/base-filosofi-2017_CSV.zip,2026-04-01T19:29:55.428669,INSEE_FILOSOFI_2017
69082,109,263,22100,,,,,,,,,,,,,,,,,,,,,,,,,2017,https://www.insee.fr/fr/statistiques/fichier/4507225/base-filosofi-2017_CSV.zip,2026-04-01T19:29:55.428669,INSEE_FILOSOFI_2017
69083,426,1138,27510,,,,,,,,,,,,,,,,,,,,,,,,,2017,https://www.insee.fr/fr/statistiques/fichier/4507225/base-filosofi-2017_CSV.zip,2026-04-01T19:29:55.428669,INSEE_FILOSOFI_2017
69084,543,1264,21250,,,,,,,,,,,,,,,,,,,,,,,,,2017,https://www.insee.fr/fr/statistiques/fichier/4507225/base-filosofi-2017_CSV.zip,2026-04-01T19:29:55.428669,INSEE_FILOSOFI_2017
69085,543,1419,27880,,,,,,,,,,,,,,,,,,,,,,,,,2017,https://www.insee.fr/fr/statistiques/fichier/4507225/base-filosofi-2017_CSV.zip,2026-04-01T19:29:55.428669,INSEE_FILOSOFI_2017
69086,914,2435,26980,70,,,,,,,,,,81.2,75,3,3.2,25.9,9.6,2.4,1.6,0.5,0.3,-19.1,16620,43220,2.6,2017,https://www.insee.fr/fr/statistiques/fichier/4507225/base-filosofi-2017_CSV.zip,2026-04-01T19:29:55.428669,INSEE_FILOSOFI_2017
69087,1078,2853,30570,73,,,,,,,,,,81,73.1,2.4,5.5,24.2,16,2,1.2,0.5,0.3,-23.2,16330,61850,3.8,2017,https://www.insee.fr/fr/statistiques/fichier/4507225/base-filosofi-2017_CSV.zip,2026-04-01T19:29:55.428669,INSEE_FILOSOFI_2017
69088,3103,7017,23160,61,11,,,15,,,,,20,76.8,69.4,3,4.4,27.7,10,4.6,2.1,1.4,1.1,-19.1,12360,41700,3.4,2017,https://www.insee.fr/fr/statistiques/fichier/4507225/base-filosofi-2017_CSV.zip,2026-04-01T19:29:55.428669,INSEE_FILOSOFI_2017
69089,5658,14018,25960,69,7,,11,8,,,,5,16,80,71.4,2.9,5.7,26,11.4,3.4,1.8,0.9,0.7,-20.8,14120,47250,3.3,2017,https://www.insee.fr/fr/statistiques/fichier/4507225/base-filosofi-2017_CSV.zip,2026-04-01T19:29:55.428669,INSEE_FILOSOFI_2017
69090,311,841,25630,,,,,,,,,,,,,,,,,,,,,,,,,2017,https://www.insee.fr/fr/statistiques/fichier/4507225/base-filosofi-2017_CSV.zip,2026-04-01T19:29:55.428669,INSEE_FILOSOFI_2017
69091,7548,18886,16790,36,28,35,35,34,29,16,14,8,43,65.5,59,4.6,1.9,27.9,5.8,12.7,4.9,4.5,3.3,-11.9,8940,28180,3.2,2017,https://www.insee.fr/fr/statistiques/fichier/4507225/base-filosofi-2017_CSV.zip,2026-04-01T19:29:55.428669,INSEE_FILOSOFI_2017
69092,3017,7414,21840,52,13,,20,16,,,,,25,67.5,59.1,2.8,5.6,32.6,10.8,5.6,2.5,1.7,1.4,-16.5,11850,38370,3.2,2017,https://www.insee.fr/fr/statistiques/fichier/4507225/base-filosofi-2017_CSV.zip,2026-04-01T19:29:55.428669,INSEE_FILOSOFI_2017
69093,487,1061,19480,,,,,,,,,,,,,,,,,,,,,,,,,2017,https://www.insee.fr/fr/statistiques/fichier/4507225/base-filosofi-2017_CSV.zip,2026-04-01T19:29:55.428669,INSEE_FILOSOFI_2017
69094,2435,6046,25380,67,6,,,,,,,,13,77.4,70.4,3,4,26.1,11.9,3.2,1.9,0.7,0.6,-18.6,14650,43620,3,2017,https://www.insee.fr/fr/statistiques/fichier/4507225/base-filosofi-2017_CSV.zip,2026-04-01T19:29:55.428669,INSEE_FILOSOFI_2017
69095,315,815,21120,,,,,,,,,,,,,,,,,,,,,,,,,2017,https://www.insee.fr/fr/statistiques/fichier/4507225/base-filosofi-2017_CSV.zip,2026-04-01T19:29:55.428669,INSEE_FILOSOFI_2017
69096,3691,9278,19900,48,15,,15,17,19,,,7,26,77.3,71,3.8,2.5,23.8,5.3,7.8,3.7,2.3,1.8,-14.2,11350,30690,2.7,2017,https://www.insee.fr/fr/statistiques/fichier/4507225/base-filosofi-2017_CSV.zip,2026-04-01T19:29:55.428669,INSEE_FILOSOFI_2017
69097,289,769,22350,,,,,,,,,,,,,,,,,,,,,,,,,2017,https://www.insee.fr/fr/statistiques/fichier/4507225/base-filosofi-2017_CSV.zip,2026-04-01T19:29:55.428669,INSEE_FILOSOFI_2017
69098,170,449,19980,,,,,,,,,,,,,,,,,,,,,,,,,2017,https://www.insee.fr/fr/statistiques/fichier/4507225/base-filosofi-2017_CSV.zip,2026-04-01T19:29:55.428669,INSEE_FILOSOFI_2017
69099,530,1297,20200,,,,,,,,,,,,,,,,,,,,,,,,,2017,https://www.insee.fr/fr/statistiques/fichier/4507225/base-filosofi-2017_CSV.zip,2026-04-01T19:29:55.428669,INSEE_FILOSOFI_2017
69100,3419,8750,23610,62,11,,13,12,14,,,6,22,76.5,69.6,2.8,4.1,27.5,9.3,4.5,2.3,1.4,0.8,-17.8,12140,40220,3.3,2017,https://www.insee.fr/fr/statistiques/fichier/4507225/base-filosofi-2017_CSV.zip,2026-04-01T19:29:55.428669,INSEE_FILOSOFI_2017
69102,285,757,20560,,,,,,,,,,,,,,,,,,,,,,,,,2017,https://www.insee.fr/fr/statistiques/fichier/4507225/base-filosofi-2017_CSV.zip,2026-04-01T19:29:55.428669,INSEE_FILOSOFI_2017
69103,370,868,22180,,,,,,,,,,,,,,,,,,,,,,,,,2017,https://www.insee.fr/fr/statistiques/fichier/4507225/base-filosofi-2017_CSV.zip,2026-04-01T19:29:55.428669,INSEE_FILOSOFI_2017
69104,192,422,20190,,,,,,,,,,,,,,,,,,,,,,,,,2017,https://www.insee.fr/fr/statistiques/fichier/4507225/base-filosofi-2017_CSV.zip,2026-04-01T19:29:55.428669,INSEE_FILOSOFI_2017
69105,400,1023,25170,,,,,,,,,,,,,,,,,,,,,,,,,2017,https://www.insee.fr/fr/statistiques/fichier/4507225/base-filosofi-2017_CSV.zip,2026-04-01T19:29:55.428669,INSEE_FILOSOFI_2017
69106,428,1171,29920,,,,,,,,,,,,,,,,,,,,,,,,,2017,https://www.insee.fr/fr/statistiques/fichier/4507225/base-filosofi-2017_CSV.zip,2026-04-01T19:29:55.428669,INSEE_FILOSOFI_2017
69107,438,1014,20880,,,,,,,,,,,,,,,,,,,,,,,,,2017,https://www.insee.fr/fr/statistiques/fichier/4507225/base-filosofi-2017_CSV.zip,2026-04-01T19:29:55.428669,INSEE_FILOSOFI_2017
69108,408,1057,22350,,,,,,,,,,,,,,,,,,,,,,,,,2017,https://www.insee.fr/fr/statistiques/fichier/4507225/base-filosofi-2017_CSV.zip,2026-04-01T19:29:55.428669,INSEE_FILOSOFI_2017
69109,345,890,22080,,,,,,,,,,,,,,,,,,,,,,,,,2017,https://www.insee.fr/fr/statistiques/fichier/4507225/base-filosofi-2017_CSV.zip,2026-04-01T19:29:55.428669,INSEE_FILOSOFI_2017
69110,688,1744,21270,,,,,,,,,,,,,,,,,,,,,,,,,2017,https://www.insee.fr/fr/statistiques/fichier/4507225/base-filosofi-2017_CSV.zip,2026-04-01T19:29:55.428669,INSEE_FILOSOFI_2017
69111,243,662,26280,,,,,,,,,,,,,,,,,,,,,,,,,2017,https://www.insee.fr/fr/statistiques/fichier/4507225/base-filosofi-2017_CSV.zip,2026-04-01T19:29:55.428669,INSEE_FILOSOFI_2017
69112,2458,6259,27310,70,5,,,,,,,,,83,75.1,3,4.9,21.7,12.6,2.5,1.4,0.6,0.5,-19.8,16010,48280,3,2017,https://www.insee.fr/fr/statistiques/fichier/4507225/base-filosofi-2017_CSV.zip,2026-04-01T19:29:55.428669,INSEE_FILOSOFI_2017
69113,315,816,21860,,,,,,,,,,,,,,,,,,,,,,,,,2017,https://www.insee.fr/fr/statistiques/fichier/4507225/base-filosofi-2017_CSV.zip,2026-04-01T19:29:55.428669,INSEE_FILOSOFI_2017
69115,1875,4829,23590,59,11,,,,,,,,28,69.1,62.5,2.7,3.9,31.6,11.4,4.8,2.5,1.1,1.2,-16.9,12310,40150,3.3,2017,https://www.insee.fr/fr/statistiques/fichier/4507225/base-filosofi-2017_CSV.zip,2026-04-01T19:29:55.428669,INSEE_FILOSOFI_2017
69116,1412,3644,29990,72,,,,,,,,,,82.4,70.6,2.6,9.2,22.1,20,2,1.1,0.5,0.4,-26.5,15340,64430,4.2,2017,https://www.insee.fr/fr/statistiques/fichier/4507225/base-filosofi-2017_CSV.zip,2026-04-01T19:29:55.428669,INSEE_FILOSOFI_2017
69117,1127,3092,30890,76,,,,,,,,,,79.9,71.5,2.2,6.2,24.9,15.5,1.9,1.2,0.5,0.2,-22.2,17280,55440,3.2,2017,https://www.insee.fr/fr/statistiques/fichier/4507225/base-filosofi-2017_CSV.zip,2026-04-01T19:29:55.428669,INSEE_FILOSOFI_2017
69118,1040,2641,22990,57,,,,,,,,,,74.4,68.6,2.6,3.2,27.4,9.3,3.8,2.3,0.7,0.8,-14.9,14050,35950,2.6,2017,https://www.insee.fr/fr/statistiques/fichier/4507225/base-filosofi-2017_CSV.zip,2026-04-01T19:29:55.428669,INSEE_FILOSOFI_2017
69119,360,933,22260,,,,,,,,,,,,,,,,,,,,,,,,,2017,https://www.insee.fr/fr/statistiques/fichier/4507225/base-filosofi-2017_CSV.zip,2026-04-01T19:29:55.428669,INSEE_FILOSOFI_2017
69120,236,600,19680,,,,,,,,,,,,,,,,,,,,,,,,,2017,https://www.insee.fr/fr/statistiques/fichier/4507225/base-filosofi-2017_CSV.zip,2026-04-01T19:29:55.428669,INSEE_FILOSOFI_2017
69121,1122,2743,25160,66,,,,,,,,,,80.2,72.8,2.2,5.2,25.4,8.5,3.3,1.9,0.7,0.7,-17.4,14650,40220,2.7,2017,https://www.insee.fr/fr/statistiques/fichier/4507225/base-filosofi-2017_CSV.zip,2026-04-01T19:29:55.428669,INSEE_FILOSOFI_2017
69122,675,1810,26390,,,,,,,,,,,,,,,,,,,,,,,,,2017,https://www.insee.fr/fr/statistiques/fichier/4507225/base-filosofi-2017_CSV.zip,2026-04-01T19:29:55.428669,INSEE_FILOSOFI_2017
69123,226384,458268,23250,60,15,22,13,17,15,10,8,5,22,82.5,73.3,3.4,5.8,22,11.4,4.9,1.6,1.8,1.5,-20.8,11090,45810,4.1,2017,https://www.insee.fr/fr/statistiques/fichier/4507225/base-filosofi-2017_CSV.zip,2026-04-01T19:29:55.428669,INSEE_FILOSOFI_2017
69124,208,474,21010,,,,,,,,,,,,,,,,,,,,,,,,,2017,https://www.insee.fr/fr/statistiques/fichier/4507225/base-filosofi-2017_CSV.zip,2026-04-01T19:29:55.428669,INSEE_FILOSOFI_2017
69125,365,881,28640,,,,,,,,,,,,,,,,,,,,,,,,,2017,https://www.insee.fr/fr/statistiques/fichier/4507225/base-filosofi-2017_CSV.zip,2026-04-01T19:29:55.428669,INSEE_FILOSOFI_2017
69126,273,744,28290,,,,,,,,,,,,,,,,,,,,,,,,,2017,https://www.insee.fr/fr/statistiques/fichier/4507225/base-filosofi-2017_CSV.zip,2026-04-01T19:29:55.428669,INSEE_FILOSOFI_2017
69127,1238,3314,28090,73,,,,,,,,,,85.6,78,3,4.6,21.4,9.6,3,1.7,0.6,0.7,-19.6,15630,46580,3,2017,https://www.insee.fr/fr/statistiques/fichier/4507225/base-filosofi-2017_CSV.zip,2026-04-01T19:29:55.428669,INSEE_FILOSOFI_2017
69130,84,196,20010,,,,,,,,,,,,,,,,,,,,,,,,,2017,https://www.insee.fr/fr/statistiques/fichier/4507225/base-filosofi-2017_CSV.zip,2026-04-01T19:29:55.428669,INSEE_FILOSOFI_2017
69131,1310,3330,24680,66,,,,,,,,,,79.6,72.8,2.1,4.7,23.9,11.7,2.8,1.9,0.5,0.4,-18,15190,41160,2.7,2017,https://www.insee.fr/fr/statistiques/fichier/4507225/base-filosofi-2017_CSV.zip,2026-04-01T19:29:55.428669,INSEE_FILOSOFI_2017
69132,309,812,20630,,,,,,,,,,,,,,,,,,,,,,,,,2017,https://www.insee.fr/fr/statistiques/fichier/4507225/base-filosofi-2017_CSV.zip,2026-04-01T19:29:55.428669,INSEE_FILOSOFI_2017
69133,1738,4468,28300,73,,,,,,,,,,82.2,74.6,2.7,4.9,22.6,14.5,2.2,1.3,0.5,0.4,-21.5,15920,50630,3.2,2017,https://www.insee.fr/fr/statistiques/fichier/4507225/base-filosofi-2017_CSV.zip,2026-04-01T19:29:55.428669,INSEE_FILOSOFI_2017
69134,89,229,28000,,,,,,,,,,,,,,,,,,,,,,,,,2017,https://www.insee.fr/fr/statistiques/fichier/4507225/base-filosofi-2017_CSV.zip,2026-04-01T19:29:55.428669,INSEE_FILOSOFI_2017
69135,795,1800,19250,,,,,,,,,,,,,,,,,,,,,,,,,2017,https://www.insee.fr/fr/statistiques/fichier/4507225/base-filosofi-2017_CSV.zip,2026-04-01T19:29:55.428669,INSEE_FILOSOFI_2017
69136,1204,3205,25810,68,,,,,,,,,,75,68.3,2.6,4.1,27.9,12.9,2.6,1.8,0.5,0.3,-18.4,15220,41800,2.7,2017,https://www.insee.fr/fr/statistiques/fichier/4507225/base-filosofi-2017_CSV.zip,2026-04-01T19:29:55.428669,INSEE_FILOSOFI_2017
69137,150,414,23740,,,,,,,,,,,,,,,,,,,,,,,,,2017,https://www.insee.fr/fr/statistiques/fichier/4507225/base-filosofi-2017_CSV.zip,2026-04-01T19:29:55.428669,INSEE_FILOSOFI_2017
69138,174,458,21240,,,,,,,,,,,,,,,,,,,,,,,,,2017,https://www.insee.fr/fr/statistiques/fichier/4507225/base-filosofi-2017_CSV.zip,2026-04-01T19:29:55.428669,INSEE_FILOSOFI_2017
69139,610,1481,21130,,,,,,,,,,,,,,,,,,,,,,,,,2017,https://www.insee.fr/fr/statistiques/fichier/4507225/base-filosofi-2017_CSV.zip,2026-04-01T19:29:55.428669,INSEE_FILOSOFI_2017
69140,792,2114,27570,71,,,,,,,,,,82.6,74.2,2.3,6.1,23.8,12,2.2,1.5,0.4,0.3,-20.6,16250,49370,3,2017,https://www.insee.fr/fr/statistiques/fichier/4507225/base-filosofi-2017_CSV.zip,2026-04-01T19:29:55.428669,INSEE_FILOSOFI_2017
69141,2514,6082,24600,65,6,,,,,,,,,77.3,69.6,2.2,5.5,26.9,10.7,3,1.7,0.7,0.6,-17.9,14960,41060,2.7,2017,https://www.insee.fr/fr/statistiques/fichier/4507225/base-filosofi-2017_CSV.zip,2026-04-01T19:29:55.428669,INSEE_FILOSOFI_2017
69142,3086,6477,20820,56,18,,20,23,18,,,,33,74,65.5,3.3,5.2,28.2,12,5.7,2,2.1,1.6,-19.9,10630,38160,3.6,2017,https://www.insee.fr/fr/statistiques/fichier/4507225/base-filosofi-2017_CSV.zip,2026-04-01T19:29:55.428669,INSEE_FILOSOFI_2017
69143,3449,7482,21250,54,13,,,17,,,,,21,71.5,65.6,3.5,2.4,30.1,8.8,5.7,2.1,2,1.6,-16.1,11700,37150,3.2,2017,https://www.insee.fr/fr/statistiques/fichier/4507225/base-filosofi-2017_CSV.zip,2026-04-01T19:29:55.428669,INSEE_FILOSOFI_2017
69145,357,894,21990,,,,,,,,,,,,,,,,,,,,,,,,,2017,https://www.insee.fr/fr/statistiques/fichier/4507225/base-filosofi-2017_CSV.zip,2026-04-01T19:29:55.428669,INSEE_FILOSOFI_2017
69148,956,2516,27050,71,,,,,,,,,,83.3,74.5,2.2,6.6,21.9,13.9,2.3,1.4,0.5,0.4,-21.4,15930,45600,2.9,2017,https://www.insee.fr/fr/statistiques/fichier/4507225/base-filosofi-2017_CSV.zip,2026-04-01T19:29:55.428669,INSEE_FILOSOFI_2017
69149,12136,25856,21630,57,13,20,13,16,15,9,,5,24,76.4,70.2,3.2,3,27.2,7.6,5.6,2.2,1.9,1.5,-16.8,11590,35940,3.1,2017,https://www.insee.fr/fr/statistiques/fichier/4507225/base-filosofi-2017_CSV.zip,2026-04-01T19:29:55.428669,INSEE_FILOSOFI_2017
69151,570,1486,22700,,,,,,,,,,,,,,,,,,,,,,,,,2017,https://www.insee.fr/fr/statistiques/fichier/4507225/base-filosofi-2017_CSV.zip,2026-04-01T19:29:55.428669,INSEE_FILOSOFI_2017
69153,398,1071,33170,,,,,,,,,,,,,,,,,,,,,,,,,2017,https://www.insee.fr/fr/statistiques/fichier/4507225/base-filosofi-2017_CSV.zip,2026-04-01T19:29:55.428669,INSEE_FILOSOFI_2017
69154,958,2512,25980,73,,,,,,,,,,83.5,74.2,3.3,6,20.8,12.4,2.7,1.8,0.5,0.4,-19.4,15720,45450,2.9,2017,https://www.insee.fr/fr/statistiques/fichier/4507225/base-filosofi-2017_CSV.zip,2026-04-01T19:29:55.428669,INSEE_FILOSOFI_2017
69155,435,1176,23280,,,,,,,,,,,,,,,,,,,,,,,,,2017,https://www.insee.fr/fr/statistiques/fichier/4507225/base-filosofi-2017_CSV.zip,2026-04-01T19:29:55.428669,INSEE_FILOSOFI_2017
69156,1008,2717,28050,73,,,,,,,,,,79.2,70.6,2,6.6,25.5,14.3,2.1,1.5,0.3,0.3,-21.1,17040,49410,2.9,2017,https://www.insee.fr/fr/statistiques/fichier/4507225/base-filosofi-2017_CSV.zip,2026-04-01T19:29:55.428669,INSEE_FILOSOFI_2017
69157,2089,5293,23320,58,5,,,,,,,,,74.7,66.1,2.7,5.9,27.9,9.3,3.6,2.2,0.8,0.6,-15.5,14720,37750,2.6,2017,https://www.insee.fr/fr/statistiques/fichier/4507225/base-filosofi-2017_CSV.zip,2026-04-01T19:29:55.428669,INSEE_FILOSOFI_2017
69160,438,1034,20380,,,,,,,,,,,,,,,,,,,,,,,,,2017,https://www.insee.fr/fr/statistiques/fichier/4507225/base-filosofi-2017_CSV.zip,2026-04-01T19:29:55.428669,INSEE_FILOSOFI_2017
69161,231,481,18250,,,,,,,,,,,,,,,,,,,,,,,,,2017,https://www.insee.fr/fr/statistiques/fichier/4507225/base-filosofi-2017_CSV.zip,2026-04-01T19:29:55.428669,INSEE_FILOSOFI_2017
69162,561,1362,22040,,,,,,,,,,,,,,,,,,,,,,,,,2017,https://www.insee.fr/fr/statistiques/fichier/4507225/base-filosofi-2017_CSV.zip,2026-04-01T19:29:55.428669,INSEE_FILOSOFI_2017
69163,1286,3443,23870,62,,,,,,,,,,81.3,74.7,2.9,3.7,23.4,7.8,3.3,2.2,0.7,0.4,-15.8,15310,38050,2.5,2017,https://www.insee.fr/fr/statistiques/fichier/4507225/base-filosofi-2017_CSV.zip,2026-04-01T19:29:55.428669,INSEE_FILOSOFI_2017
69164,136,305,19910,,,,,,,,,,,,,,,,,,,,,,,,,2017,https://www.insee.fr/fr/statistiques/fichier/4507225/base-filosofi-2017_CSV.zip,2026-04-01T19:29:55.428669,INSEE_FILOSOFI_2017
69165,431,1123,22360,,,,,,,,,,,,,,,,,,,,,,,,,2017,https://www.insee.fr/fr/statistiques/fichier/4507225/base-filosofi-2017_CSV.zip,2026-04-01T19:29:55.428669,INSEE_FILOSOFI_2017
69166,98,271,23310,,,,,,,,,,,,,,,,,,,,,,,,,2017,https://www.insee.fr/fr/statistiques/fichier/4507225/base-filosofi-2017_CSV.zip,2026-04-01T19:29:55.428669,INSEE_FILOSOFI_2017
69167,220,589,22560,,,,,,,,,,,,,,,,,,,,,,,,,2017,https://www.insee.fr/fr/statistiques/fichier/4507225/base-filosofi-2017_CSV.zip,2026-04-01T19:29:55.428669,INSEE_FILOSOFI_2017
69168,524,1396,26150,,,,,,,,,,,,,,,,,,,,,,,,,2017,https://www.insee.fr/fr/statistiques/fichier/4507225/base-filosofi-2017_CSV.zip,2026-04-01T19:29:55.428669,INSEE_FILOSOFI_2017
69169,263,671,21690,,,,,,,,,,,,,,,,,,,,,,,,,2017,https://www.insee.fr/fr/statistiques/fichier/4507225/base-filosofi-2017_CSV.zip,2026-04-01T19:29:55.428669,INSEE_FILOSOFI_2017
69170,445,1145,22950,,,,,,,,,,,,,,,,,,,,,,,,,2017,https://www.insee.fr/fr/statistiques/fichier/4507225/base-filosofi-2017_CSV.zip,2026-04-01T19:29:55.428669,INSEE_FILOSOFI_2017
69171,1017,2315,23190,58,10,,,,,,,,,78,71.4,3.5,3.1,25.6,8,4.2,2.2,1.1,0.9,-15.8,12970,37810,2.9,2017,https://www.insee.fr/fr/statistiques/fichier/4507225/base-filosofi-2017_CSV.zip,2026-04-01T19:29:55.428669,INSEE_FILOSOFI_2017
69172,302,777,24170,,,,,,,,,,,,,,,,,,,,,,,,,2017,https://www.insee.fr/fr/statistiques/fichier/4507225/base-filosofi-2017_CSV.zip,2026-04-01T19:29:55.428669,INSEE_FILOSOFI_2017
69173,394,997,24760,,,,,,,,,,,,,,,,,,,,,,,,,2017,https://www.insee.fr/fr/statistiques/fichier/4507225/base-filosofi-2017_CSV.zip,2026-04-01T19:29:55.428669,INSEE_FILOSOFI_2017
69174,226,571,20420,,,,,,,,,,,,,,,,,,,,,,,,,2017,https://www.insee.fr/fr/statistiques/fichier/4507225/base-filosofi-2017_CSV.zip,2026-04-01T19:29:55.428669,INSEE_FILOSOFI_2017
69175,814,2064,24160,64,,,,,,,,,,75.1,68.9,2,4.2,26.1,11.6,3.4,1.9,0.9,0.6,-16.2,14240,39710,2.8,2017,https://www.insee.fr/fr/statistiques/fichier/4507225/base-filosofi-2017_CSV.zip,2026-04-01T19:29:55.428669,INSEE_FILOSOFI_2017
69176,1695,4560,25270,66,5,,,,,,,,,83.4,76.8,2.5,4.1,21.1,9.8,3.1,2.1,0.6,0.4,-17.4,15090,39910,2.6,2017,https://www.insee.fr/fr/statistiques/fichier/4507225/base-filosofi-2017_CSV.zip,2026-04-01T19:29:55.428669,INSEE_FILOSOFI_2017
69177,772,2070,25260,64,,,,,,,,,,80.1,72.9,2.6,4.6,26.2,8.1,2.8,1.9,0.5,0.4,-17.2,16530,40150,2.4,2017,https://www.insee.fr/fr/statistiques/fichier/4507225/base-filosofi-2017_CSV.zip,2026-04-01T19:29:55.428669,INSEE_FILOSOFI_2017
69178,298,767,21090,,,,,,,,,,,,,,,,,,,,,,,,,2017,https://www.insee.fr/fr/statistiques/fichier/4507225/base-filosofi-2017_CSV.zip,2026-04-01T19:29:55.428669,INSEE_FILOSOFI_2017
69179,1556,4173,25750,67,5,,,,,,,,,82.8,74.8,2.4,5.6,22.7,9,2.7,1.7,0.6,0.4,-17.2,15790,40770,2.6,2017,https://www.insee.fr/fr/statistiques/fichier/4507225/base-filosofi-2017_CSV.zip,2026-04-01T19:29:55.428669,INSEE_FILOSOFI_2017
69180,102,274,23670,,,,,,,,,,,,,,,,,,,,,,,,,2017,https://www.insee.fr/fr/statistiques/fichier/4507225/base-filosofi-2017_CSV.zip,2026-04-01T19:29:55.428669,INSEE_FILOSOFI_2017
69181,76,200,22140,,,,,,,,,,,,,,,,,,,,,,,,,2017,https://www.insee.fr/fr/statistiques/fichier/4507225/base-filosofi-2017_CSV.zip,2026-04-01T19:29:55.428669,INSEE_FILOSOFI_2017
69182,173,362,18900,,,,,,,,,,,,,,,,,,,,,,,,,2017,https://www.insee.fr/fr/statistiques/fichier/4507225/base-filosofi-2017_CSV.zip,2026-04-01T19:29:55.428669,INSEE_FILOSOFI_2017
69183,140,309,20030,,,,,,,,,,,,,,,,,,,,,,,,,2017,https://www.insee.fr/fr/statistiques/fichier/4507225/base-filosofi-2017_CSV.zip,2026-04-01T19:29:55.428669,INSEE_FILOSOFI_2017
69184,385,981,23430,,,,,,,,,,,,,,,,,,,,,,,,,2017,https://www.insee.fr/fr/statistiques/fichier/4507225/base-filosofi-2017_CSV.zip,2026-04-01T19:29:55.428669,INSEE_FILOSOFI_2017
69186,89,201,21250,,,,,,,,,,,,,,,,,,,,,,,,,2017,https://www.insee.fr/fr/statistiques/fichier/4507225/base-filosofi-2017_CSV.zip,2026-04-01T19:29:55.428669,INSEE_FILOSOFI_2017
69187,261,659,21500,,,,,,,,,,,,,,,,,,,,,,,,,2017,https://www.insee.fr/fr/statistiques/fichier/4507225/base-filosofi-2017_CSV.zip,2026-04-01T19:29:55.428669,INSEE_FILOSOFI_2017
69188,295,792,21720,,,,,,,,,,,,,,,,,,,,,,,,,2017,https://www.insee.fr/fr/statistiques/fichier/4507225/base-filosofi-2017_CSV.zip,2026-04-01T19:29:55.428669,INSEE_FILOSOFI_2017
69189,957,1911,22530,,,,,,,,,,,,,,,,,,,,,,,,,2017,https://www.insee.fr/fr/statistiques/fichier/4507225/base-filosofi-2017_CSV.zip,2026-04-01T19:29:55.428669,INSEE_FILOSOFI_2017
69190,770,2093,28150,72,,,,,,,,,,83.3,76.1,2.4,4.8,22.7,12.6,2.1,1.4,0.4,0.3,-20.7,16000,50020,3.1,2017,https://www.insee.fr/fr/statistiques/fichier/4507225/base-filosofi-2017_CSV.zip,2026-04-01T19:29:55.428669,INSEE_FILOSOFI_2017
69191,2210,5721,37330,77,6,,,,,,,,18,80.4,70.1,2,8.3,24.9,23.8,1.5,0.7,0.5,0.3,-30.6,15630,86200,5.5,2017,https://www.insee.fr/fr/statistiques/fichier/4507225/base-filosofi-2017_CSV.zip,2026-04-01T19:29:55.428669,INSEE_FILOSOFI_2017
69192,54,150,24170,,,,,,,,,,,,,,,,,,,,,,,,,2017,https://www.insee.fr/fr/statistiques/fichier/4507225/base-filosofi-2017_CSV.zip,2026-04-01T19:29:55.428669,INSEE_FILOSOFI_2017
69193,473,1311,29360,,,,,,,,,,,,,,,,,,,,,,,,,2017,https://www.insee.fr/fr/statistiques/fichier/4507225/base-filosofi-2017_CSV.zip,2026-04-01T19:29:55.428669,INSEE_FILOSOFI_2017
69194,2650,6861,38160,80,5,,,,,,,,,82.3,71.5,2.1,8.7,24.4,23.3,1.1,0.6,0.3,0.2,-31.1,17500,91660,5.2,2017,https://www.insee.fr/fr/statistiques/fichier/4507225/base-filosofi-2017_CSV.zip,2026-04-01T19:29:55.428669,INSEE_FILOSOFI_2017
69196,226,553,21650,,,,,,,,,,,,,,,,,,,,,,,,,2017,https://www.insee.fr/fr/statistiques/fichier/4507225/base-filosofi-2017_CSV.zip,2026-04-01T19:29:55.428669,INSEE_FILOSOFI_2017
69197,822,2169,22790,55,,,,,,,,,,80.6,72.5,2.1,6,20.1,10.4,4.1,2.6,0.9,0.6,-15.2,14180,35760,2.5,2017,https://www.insee.fr/fr/statistiques/fichier/4507225/base-filosofi-2017_CSV.zip,2026-04-01T19:29:55.428669,INSEE_FILOSOFI_2017
69198,288,729,24320,,,,,,,,,,,,,,,,,,,,,,,,,2017,https://www.insee.fr/fr/statistiques/fichier/4507225/base-filosofi-2017_CSV.zip,2026-04-01T19:29:55.428669,INSEE_FILOSOFI_2017
69199,6667,17463,15600,33,32,38,36,38,32,23,16,13,43,66.4,59.4,5.1,1.9,25,4,15.5,6,5.2,4.3,-10.9,8970,25910,2.9,2017,https://www.insee.fr/fr/statistiques/fichier/4507225/base-filosofi-2017_CSV.zip,2026-04-01T19:29:55.428669,INSEE_FILOSOFI_2017
69200,625,1582,22760,,,,,,,,,,,,,,,,,,,,,,,,,2017,https://www.insee.fr/fr/statistiques/fichier/4507225/base-filosofi-2017_CSV.zip,2026-04-01T19:29:55.428669,INSEE_FILOSOFI_2017
69201,621,1244,19120,,,,,,,,,,,,,,,,,,,,,,,,,2017,https://www.insee.fr/fr/statistiques/fichier/4507225/base-filosofi-2017_CSV.zip,2026-04-01T19:29:55.428669,INSEE_FILOSOFI_2017
69202,9479,22017,26450,68,7,,11,10,6,,,5,17,73.9,64.6,2.6,6.7,29.9,16.7,2.7,1.3,0.8,0.6,-23.2,13910,54630,3.9,2017,https://www.insee.fr/fr/statistiques/fichier/4507225/base-filosofi-2017_CSV.zip,2026-04-01T19:29:55.428669,INSEE_FILOSOFI_2017
69203,403,977,22100,,,,,,,,,,,,,,,,,,,,,,,,,2017,https://www.insee.fr/fr/statistiques/fichier/4507225/base-filosofi-2017_CSV.zip,2026-04-01T19:29:55.428669,INSEE_FILOSOFI_2017
69204,8600,20777,25060,65,9,20,12,11,7,5,,5,18,74.5,67.3,2.3,4.9,29.5,11.3,4,1.9,1.2,0.9,-19.3,13120,45130,3.4,2017,https://www.insee.fr/fr/statistiques/fichier/4507225/base-filosofi-2017_CSV.zip,2026-04-01T19:29:55.428669,INSEE_FILOSOFI_2017
69205,1913,4944,28380,74,5,,,,,,,,,78.8,72.1,2.4,4.3,28.1,11.6,2.5,1.4,0.6,0.5,-21,15670,47250,3,2017,https://www.insee.fr/fr/statistiques/fichier/4507225/base-filosofi-2017_CSV.zip,2026-04-01T19:29:55.428669,INSEE_FILOSOFI_2017
69206,1703,4263,23010,59,7,,,,,,,,,76.4,68.4,2.9,5.1,24.9,13.1,3.6,2,1,0.6,-18,14130,38530,2.7,2017,https://www.insee.fr/fr/statistiques/fichier/4507225/base-filosofi-2017_CSV.zip,2026-04-01T19:29:55.428669,INSEE_FILOSOFI_2017
69207,1187,2993,24630,61,8,,,,,,,,,82.3,76.1,2.9,3.3,22.5,9.7,4.1,2.2,1,0.9,-18.6,13400,43620,3.3,2017,https://www.insee.fr/fr/statistiques/fichier/4507225/base-filosofi-2017_CSV.zip,2026-04-01T19:29:55.428669,INSEE_FILOSOFI_2017
69208,818,2242,26550,70,,,,,,,,,,82.3,74.7,2.7,4.9,23.2,10.4,2.4,1.6,0.5,0.3,-18.3,16930,43480,2.6,2017,https://www.insee.fr/fr/statistiques/fichier/4507225/base-filosofi-2017_CSV.zip,2026-04-01T19:29:55.428669,INSEE_FILOSOFI_2017
69209,253,513,20550,,,,,,,,,,,,,,,,,,,,,,,,,2017,https://www.insee.fr/fr/statistiques/fichier/4507225/base-filosofi-2017_CSV.zip,2026-04-01T19:29:55.428669,INSEE_FILOSOFI_2017
69212,184,482,26500,,,,,,,,,,,,,,,,,,,,,,,,,2017,https://www.insee.fr/fr/statistiques/fichier/4507225/base-filosofi-2017_CSV.zip,2026-04-01T19:29:55.428669,INSEE_FILOSOFI_2017
69214,451,1174,21220,,,,,,,,,,,,,,,,,,,,,,,,,2017,https://www.insee.fr/fr/statistiques/fichier/4507225/base-filosofi-2017_CSV.zip,2026-04-01T19:29:55.428669,INSEE_FILOSOFI_2017
69215,345,874,25200,,,,,,,,,,,,,,,,,,,,,,,,,2017,https://www.insee.fr/fr/statistiques/fichier/4507225/base-filosofi-2017_CSV.zip,2026-04-01T19:29:55.428669,INSEE_FILOSOFI_2017
69216,242,569,21720,,,,,,,,,,,,,,,,,,,,,,,,,2017,https://www.insee.fr/fr/statistiques/fichier/4507225/base-filosofi-2017_CSV.zip,2026-04-01T19:29:55.428669,INSEE_FILOSOFI_2017
69217,316,738,20270,,,,,,,,,,,,,,,,,,,,,,,,,2017,https://www.insee.fr/fr/statistiques/fichier/4507225/base-filosofi-2017_CSV.zip,2026-04-01T19:29:55.428669,INSEE_FILOSOFI_2017
69218,416,1044,22480,,,,,,,,,,,,,,,,,,,,,,,,,2017,https://www.insee.fr/fr/statistiques/fichier/4507225/base-filosofi-2017_CSV.zip,2026-04-01T19:29:55.428669,INSEE_FILOSOFI_2017
69219,862,2242,26470,71,,,,,,,,,,81.5,73.4,2.6,5.5,24.4,11.6,2.4,1.6,0.4,0.4,-19.9,16600,45190,2.7,2017,https://www.insee.fr/fr/statistiques/fichier/4507225/base-filosofi-2017_CSV.zip,2026-04-01T19:29:55.428669,INSEE_FILOSOFI_2017
69220,766,1720,21960,,,,,,,,,,,,,,,,,,,,,,,,,2017,https://www.insee.fr/fr/statistiques/fichier/4507225/base-filosofi-2017_CSV.zip,2026-04-01T19:29:55.428669,INSEE_FILOSOFI_2017
69225,220,545,22690,,,,,,,,,,,,,,,,,,,,,,,,,2017,https://www.insee.fr/fr/statistiques/fichier/4507225/base-filosofi-2017_CSV.zip,2026-04-01T19:29:55.428669,INSEE_FILOSOFI_2017
69227,1606,3858,22050,49,10,,,,,,,,,72.6,64.4,2.2,6,26.6,12.3,3.9,2.3,0.8,0.8,-15.4,12900,34840,2.7,2017,https://www.insee.fr/fr/statistiques/fichier/4507225/base-filosofi-2017_CSV.zip,2026-04-01T19:29:55.428669,INSEE_FILOSOFI_2017
69228,1615,4132,23790,61,8,,,,,,,6,,78.6,69.4,3,6.2,23.4,11.2,3.4,2.1,0.8,0.5,-16.6,13900,39430,2.8,2017,https://www.insee.fr/fr/statistiques/fichier/4507225/base-filosofi-2017_CSV.zip,2026-04-01T19:29:55.428669,INSEE_FILOSOFI_2017
69229,319,768,21600,,,,,,,,,,,,,,,,,,,,,,,,,2017,https://www.insee.fr/fr/statistiques/fichier/4507225/base-filosofi-2017_CSV.zip,2026-04-01T19:29:55.428669,INSEE_FILOSOFI_2017
69230,127,333,21770,,,,,,,,,,,,,,,,,,,,,,,,,2017,https://www.insee.fr/fr/statistiques/fichier/4507225/base-filosofi-2017_CSV.zip,2026-04-01T19:29:55.428669,INSEE_FILOSOFI_2017
69231,1066,2722,25010,64,,,,,,,,,,83.7,77.2,2.8,3.7,22.9,5.8,3.3,2.1,0.7,0.5,-15.7,15460,38440,2.5,2017,https://www.insee.fr/fr/statistiques/fichier/4507225/base-filosofi-2017_CSV.zip,2026-04-01T19:29:55.428669,INSEE_FILOSOFI_2017
69233,467,1209,32770,,,,,,,,,,,,,,,,,,,,,,,,,2017,https://www.insee.fr/fr/statistiques/fichier/4507225/base-filosofi-2017_CSV.zip,2026-04-01T19:29:55.428669,INSEE_FILOSOFI_2017
69234,621,1568,23820,,,,,,,,,,,,,,,,,,,,,,,,,2017,https://www.insee.fr/fr/statistiques/fichier/4507225/base-filosofi-2017_CSV.zip,2026-04-01T19:29:55.428669,INSEE_FILOSOFI_2017
69235,824,1888,23110,,,,,,,,,,,,,,,,,,,,,,,,,2017,https://www.insee.fr/fr/statistiques/fichier/4507225/base-filosofi-2017_CSV.zip,2026-04-01T19:29:55.428669,INSEE_FILOSOFI_2017
69236,227,588,21930,,,,,,,,,,,,,,,,,,,,,,,,,2017,https://www.insee.fr/fr/statistiques/fichier/4507225/base-filosofi-2017_CSV.zip,2026-04-01T19:29:55.428669,INSEE_FILOSOFI_2017
69238,1642,3589,19710,41,12,,,,,,,,22,61.7,55.8,3,2.9,36.3,8.4,6.1,2.8,1.8,1.5,-12.5,12310,31470,2.6,2017,https://www.insee.fr/fr/statistiques/fichier/4507225/base-filosofi-2017_CSV.zip,2026-04-01T19:29:55.428669,INSEE_FILOSOFI_2017
69239,477,1208,22770,,,,,,,,,,,,,,,,,,,,,,,,,2017,https://www.insee.fr/fr/statistiques/fichier/4507225/base-filosofi-2017_CSV.zip,2026-04-01T19:29:55.428669,INSEE_FILOSOFI_2017
69240,291,623,19960,,,,,,,,,,,,,,,,,,,,,,,,,2017,https://www.insee.fr/fr/statistiques/fichier/4507225/base-filosofi-2017_CSV.zip,2026-04-01T19:29:55.428669,INSEE_FILOSOFI_2017
69241,965,2533,26190,69,,,,,,,,,,82.1,71.4,2.2,8.5,22.3,12.3,2.4,1.6,0.5,0.3,-19.1,16140,42910,2.7,2017,https://www.insee.fr/fr/statistiques/fichier/4507225/base-filosofi-2017_CSV.zip,2026-04-01T19:29:55.428669,INSEE_FILOSOFI_2017
69242,328,904,22320,,,,,,,,,,,,,,,,,,,,,,,,,2017,https://www.insee.fr/fr/statistiques/fichier/4507225/base-filosofi-2017_CSV.zip,2026-04-01T19:29:55.428669,INSEE_FILOSOFI_2017
69243,4603,10191,18010,37,20,,22,25,21,13,,6,29,63.8,57.4,3.5,2.9,31.3,7.1,10.1,3.6,3.9,2.6,-12.3,10440,28940,2.8,2017,https://www.insee.fr/fr/statistiques/fichier/4507225/base-filosofi-2017_CSV.zip,2026-04-01T19:29:55.428669,INSEE_FILOSOFI_2017
69244,9559,20949,26300,69,8,,9,9,8,,,5,15,80.4,72.3,2.9,5.2,25,13.8,3,1.4,0.9,0.7,-22.2,13850,50250,3.6,2017,https://www.insee.fr/fr/statistiques/fichier/4507225/base-filosofi-2017_CSV.zip,2026-04-01T19:29:55.428669,INSEE_FILOSOFI_2017
69245,285,704,24710,,,,,,,,,,,,,,,,,,,,,,,,,2017,https://www.insee.fr/fr/statistiques/fichier/4507225/base-filosofi-2017_CSV.zip,2026-04-01T19:29:55.428669,INSEE_FILOSOFI_2017
69246,483,1246,25500,,,,,,,,,,,,,,,,,,,,,,,,,2017,https://www.insee.fr/fr/statistiques/fichier/4507225/base-filosofi-2017_CSV.zip,2026-04-01T19:29:55.428669,INSEE_FILOSOFI_2017
69248,2429,5513,19560,43,15,,23,18,,,,8,29,61.7,54,3.1,4.6,36.6,7.7,6.6,2.8,2.3,1.5,-12.6,11080,31380,2.8,2017,https://www.insee.fr/fr/statistiques/fichier/4507225/base-filosofi-2017_CSV.zip,2026-04-01T19:29:55.428669,INSEE_FILOSOFI_2017
69249,1161,2907,23860,62,7,,,,,,,,,81.3,73.3,1.9,6.1,19.6,13.6,3,1.9,0.7,0.4,-17.5,14570,39280,2.7,2017,https://www.insee.fr/fr/statistiques/fichier/4507225/base-filosofi-2017_CSV.zip,2026-04-01T19:29:55.428669,INSEE_FILOSOFI_2017
69250,1741,4296,31290,74,,,,,,,,,,74.6,68.2,2.3,4.1,31,13.8,1.8,1,0.4,0.4,-21.2,17330,54600,3.2,2017,https://www.insee.fr/fr/statistiques/fichier/4507225/base-filosofi-2017_CSV.zip,2026-04-01T19:29:55.428669,INSEE_FILOSOFI_2017
69252,263,717,23460,,,,,,,,,,,,,,,,,,,,,,,,,2017,https://www.insee.fr/fr/statistiques/fichier/4507225/base-filosofi-2017_CSV.zip,2026-04-01T19:29:55.428669,INSEE_FILOSOFI_2017
69253,229,625,25500,,,,,,,,,,,,,,,,,,,,,,,,,2017,https://www.insee.fr/fr/statistiques/fichier/4507225/base-filosofi-2017_CSV.zip,2026-04-01T19:29:55.428669,INSEE_FILOSOFI_2017
69254,349,880,19730,,,,,,,,,,,,,,,,,,,,,,,,,2017,https://www.insee.fr/fr/statistiques/fichier/4507225/base-filosofi-2017_CSV.zip,2026-04-01T19:29:55.428669,INSEE_FILOSOFI_2017
69255,2221,5639,25050,65,6,,,,,,,,13,78.5,70.6,2.7,5.2,23.9,12.6,3.2,2,0.6,0.6,-18.2,15030,42230,2.8,2017,https://www.insee.fr/fr/statistiques/fichier/4507225/base-filosofi-2017_CSV.zip,2026-04-01T19:29:55.428669,INSEE_FILOSOFI_2017
69256,16506,45305,15520,32,33,36,34,41,34,21,19,13,45,69.4,62.3,5.2,1.9,21.2,4.1,16.4,6.6,5.6,4.2,-11.1,8950,26430,3,2017,https://www.insee.fr/fr/statistiques/fichier/4507225/base-filosofi-2017_CSV.zip,2026-04-01T19:29:55.428669,INSEE_FILOSOFI_2017
69257,421,1124,22850,,,,,,,,,,,,,,,,,,,,,,,,,2017,https://www.insee.fr/fr/statistiques/fichier/4507225/base-filosofi-2017_CSV.zip,2026-04-01T19:29:55.428669,INSEE_FILOSOFI_2017
69258,129,311,20400,,,,,,,,,,,,,,,,,,,,,,,,,2017,https://www.insee.fr/fr/statistiques/fichier/4507225/base-filosofi-2017_CSV.zip,2026-04-01T19:29:55.428669,INSEE_FILOSOFI_2017
69259,24295,62747,15920,37,31,33,35,39,32,19,13,10,41,67,60.7,4.6,1.7,25.4,4.9,14.8,5.7,5.2,3.9,-12.1,8980,27630,3.1,2017,https://www.insee.fr/fr/statistiques/fichier/4507225/base-filosofi-2017_CSV.zip,2026-04-01T19:29:55.428669,INSEE_FILOSOFI_2017
69260,1836,4806,24970,64,12,,,,,,,,28,81.7,75.7,2.9,3.1,23.5,9.4,4.6,2.1,1.4,1.1,-19.2,11980,45020,3.8,2017,https://www.insee.fr/fr/statistiques/fichier/4507225/base-filosofi-2017_CSV.zip,2026-04-01T19:29:55.428669,INSEE_FILOSOFI_2017
69261,,,,,,,,,,,,,,,,,,,,,,,,,,,,2017,https://www.insee.fr/fr/statistiques/fichier/4507225/base-filosofi-2017_CSV.zip,2026-04-01T19:29:55.428669,INSEE_FILOSOFI_2017
69263,344,894,20860,,,,,,,,,,,,,,,,,,,,,,,,,2017,https://www.insee.fr/fr/statistiques/fichier/4507225/base-filosofi-2017_CSV.zip,2026-04-01T19:29:55.428669,INSEE_FILOSOFI_2017
69264,16070,34749,18020,44,23,25,27,29,23,16,12,7,32,67.7,60.9,4.1,2.7,28.5,7.9,10.1,3.6,3.5,3,-14.2,9780,31750,3.2,2017,https://www.insee.fr/fr/statistiques/fichier/4507225/base-filosofi-2017_CSV.zip,2026-04-01T19:29:55.428669,INSEE_FILOSOFI_2017
69265,324,845,26270,,,,,,,,,,,,,,,,,,,,,,,,,2017,https://www.insee.fr/fr/statistiques/fichier/4507225/base-filosofi-2017_CSV.zip,2026-04-01T19:29:55.428669,INSEE_FILOSOFI_2017
69266,66884,142335,19790,52,19,26,19,23,20,13,10,6,29,78.8,72,3.8,3,22.3,7,7.8,2.7,2.8,2.3,-15.9,10200,35430,3.5,2017,https://www.insee.fr/fr/statistiques/fichier/4507225/base-filosofi-2017_CSV.zip,2026-04-01T19:29:55.428669,INSEE_FILOSOFI_2017
69267,821,2093,23100,51,,,,,,,,,,75.9,58.8,1.8,15.3,22.7,13.8,3.9,2.2,1,0.7,-16.3,12880,36630,2.8,2017,https://www.insee.fr/fr/statistiques/fichier/4507225/base-filosofi-2017_CSV.zip,2026-04-01T19:29:55.428669,INSEE_FILOSOFI_2017
69268,1332,3447,29860,74,,,,,,,,,,84.8,75.8,2.4,6.6,22.3,13.4,2.2,1.3,0.5,0.4,-22.7,15880,55420,3.5,2017,https://www.insee.fr/fr/statistiques/fichier/4507225/base-filosofi-2017_CSV.zip,2026-04-01T19:29:55.428669,INSEE_FILOSOFI_2017
69269,390,955,22120,,,,,,,,,,,,,,,,,,,,,,,,,2017,https://www.insee.fr/fr/statistiques/fichier/4507225/base-filosofi-2017_CSV.zip,2026-04-01T19:29:55.428669,INSEE_FILOSOFI_2017
69270,1671,4372,28510,75,,,,,,,,,,80.1,72.9,2.1,5.1,23.9,16,1.9,1.3,0.4,0.2,-21.9,17720,50080,2.8,2017,https://www.insee.fr/fr/statistiques/fichier/4507225/base-filosofi-2017_CSV.zip,2026-04-01T19:29:55.428669,INSEE_FILOSOFI_2017
69271,4006,10379,26990,69,6,,,,,,,,17,80,73,2.3,4.7,26.9,10.7,3,1.6,0.8,0.6,-20.6,14470,47140,3.3,2017,https://www.insee.fr/fr/statistiques/fichier/4507225/base-filosofi-2017_CSV.zip,2026-04-01T19:29:55.428669,INSEE_FILOSOFI_2017
69272,1618,4375,26780,70,5,,,,,,,,,80.7,72.9,2.2,5.6,25.1,10.2,2.7,1.6,0.6,0.5,-18.7,15450,44200,2.9,2017,https://www.insee.fr/fr/statistiques/fichier/4507225/base-filosofi-2017_CSV.zip,2026-04-01T19:29:55.428669,INSEE_FILOSOFI_2017
69273,4003,10317,23380,63,7,,,,,,,5,14,75.3,70,2.6,2.7,28.6,8.5,4.2,2.4,1.1,0.7,-16.6,14090,35890,2.5,2017,https://www.insee.fr/fr/statistiques/fichier/4507225/base-filosofi-2017_CSV.zip,2026-04-01T19:29:55.428669,INSEE_FILOSOFI_2017
69275,11559,28034,20230,52,16,16,18,21,17,9,9,6,27,73.7,67.3,3.6,2.8,26.4,7.7,7.4,3.2,2.5,1.7,-15.2,10990,33690,3.1,2017,https://www.insee.fr/fr/statistiques/fichier/4507225/base-filosofi-2017_CSV.zip,2026-04-01T19:29:55.428669,INSEE_FILOSOFI_2017
69276,3689,9689,20680,53,13,,16,15,13,,,6,26,76.2,70.1,3.7,2.4,25.5,6.1,6.9,3.3,2.1,1.5,-14.7,11650,32890,2.8,2017,https://www.insee.fr/fr/statistiques/fichier/4507225/base-filosofi-2017_CSV.zip,2026-04-01T19:29:55.428669,INSEE_FILOSOFI_2017
69277,5115,13424,28710,74,5,,,,,,,,9,82.7,76.5,2.3,3.9,23,11.9,2.3,1.4,0.5,0.4,-19.9,16570,48940,3,2017,https://www.insee.fr/fr/statistiques/fichier/4507225/base-filosofi-2017_CSV.zip,2026-04-01T19:29:55.428669,INSEE_FILOSOFI_2017
69278,2097,5324,24500,62,9,,,,,,,,18,79.2,72.3,2.9,4,25,9.5,3.8,2.1,0.9,0.8,-17.5,13160,41810,3.2,2017,https://www.insee.fr/fr/statistiques/fichier/4507225/base-filosofi-2017_CSV.zip,2026-04-01T19:29:55.428669,INSEE_FILOSOFI_2017
69279,2134,5980,25650,67,5,,,,,,,5,,81,73.9,2.3,4.8,25.1,9.7,2.8,1.8,0.7,0.3,-18.6,15570,40470,2.6,2017,https://www.insee.fr/fr/statistiques/fichier/4507225/base-filosofi-2017_CSV.zip,2026-04-01T19:29:55.428669,INSEE_FILOSOFI_2017
69280,489,1407,24370,,,,,,,,,,,,,,,,,,,,,,,,,2017,https://www.insee.fr/fr/statistiques/fichier/4507225/base-filosofi-2017_CSV.zip,2026-04-01T19:29:55.428669,INSEE_FILOSOFI_2017
69281,670,1760,26830,,,,,,,,,,,,,,,,,,,,,,,,,2017,https://www.insee.fr/fr/statistiques/fichier/4507225/base-filosofi-2017_CSV.zip,2026-04-01T19:29:55.428669,INSEE_FILOSOFI_2017
69282,12645,32748,22090,57,12,12,14,15,12,6,,6,22,75.9,69.6,3,3.3,27,8.1,5.5,2.9,1.5,1.1,-16.5,12110,37020,3.1,2017,https://www.insee.fr/fr/statistiques/fichier/4507225/base-filosofi-2017_CSV.zip,2026-04-01T19:29:55.428669,INSEE_FILOSOFI_2017
69283,5129,13961,23630,62,8,,8,10,,,,5,18,79.5,73.5,2.8,3.2,23.6,8.7,4.7,2.6,1.2,0.9,-16.5,13620,37480,2.8,2017,https://www.insee.fr/fr/statistiques/fichier/4507225/base-filosofi-2017_CSV.zip,2026-04-01T19:29:55.428669,INSEE_FILOSOFI_2017
69284,1155,3215,30380,76,,,,,,,,,,83.6,74.9,2.8,5.9,22.3,13,2,1.3,0.4,0.3,-20.9,17310,50740,2.9,2017,https://www.insee.fr/fr/statistiques/fichier/4507225/base-filosofi-2017_CSV.zip,2026-04-01T19:29:55.428669,INSEE_FILOSOFI_2017
69285,1416,3949,24090,64,6,,,,,,,,,79,71.3,3,4.7,23.8,10.5,3.6,2.4,0.7,0.5,-16.9,14480,39410,2.7,2017,https://www.insee.fr/fr/statistiques/fichier/4507225/base-filosofi-2017_CSV.zip,2026-04-01T19:29:55.428669,INSEE_FILOSOFI_2017
69286,11567,29971,18200,45,23,27,30,29,21,14,11,5,36,71.9,64.4,3.7,3.8,25.5,8.1,10.1,4,3.3,2.8,-15.6,9980,35390,3.5,2017,https://www.insee.fr/fr/statistiques/fichier/4507225/base-filosofi-2017_CSV.zip,2026-04-01T19:29:55.428669,INSEE_FILOSOFI_2017
69287,2498,6749,26440,72,5,,,,,,,,,83.6,77.3,2.7,3.6,23.4,9.1,2.4,1.6,0.5,0.3,-18.5,16340,42520,2.6,2017,https://www.insee.fr/fr/statistiques/fichier/4507225/base-filosofi-2017_CSV.zip,2026-04-01T19:29:55.428669,INSEE_FILOSOFI_2017
69288,2146,5530,25330,69,6,,,,,,,,,78.1,71.9,2.7,3.5,27,10.1,2.8,1.7,0.7,0.4,-18,15240,40890,2.7,2017,https://www.insee.fr/fr/statistiques/fichier/4507225/base-filosofi-2017_CSV.zip,2026-04-01T19:29:55.428669,INSEE_FILOSOFI_2017
69289,1775,4704,26020,70,,,,,,,,,,83.4,73.5,2.8,7.1,23.8,9.4,2.3,1.6,0.4,0.3,-18.9,15640,42540,2.7,2017,https://www.insee.fr/fr/statistiques/fichier/4507225/base-filosofi-2017_CSV.zip,2026-04-01T19:29:55.428669,INSEE_FILOSOFI_2017
69290,18557,47007,19640,50,17,20,20,22,16,11,9,6,29,74.6,68.2,3.8,2.6,25.3,6.9,8,3.7,2.4,1.9,-14.8,10720,33030,3.1,2017,https://www.insee.fr/fr/statistiques/fichier/4507225/base-filosofi-2017_CSV.zip,2026-04-01T19:29:55.428669,INSEE_FILOSOFI_2017
69291,2284,5583,24410,64,6,,,,,,,,13,80.7,74.3,2.8,3.6,24.4,8.2,3.5,2,0.8,0.7,-16.8,14600,38660,2.6,2017,https://www.insee.fr/fr/statistiques/fichier/4507225/base-filosofi-2017_CSV.zip,2026-04-01T19:29:55.428669,INSEE_FILOSOFI_2017
69292,2505,5608,22200,59,9,,,,,,,,14,83.1,77.9,2.8,2.4,21.5,6.6,4.9,2.3,1.5,1.1,-16.1,13060,35640,2.7,2017,https://www.insee.fr/fr/statistiques/fichier/4507225/base-filosofi-2017_CSV.zip,2026-04-01T19:29:55.428669,INSEE_FILOSOFI_2017
69293,834,2311,30860,79,,,,,,,,,,88,79.2,2.1,6.7,20.5,11.7,1.5,1.1,0.2,0.2,-21.7,17720,52850,3,2017,https://www.insee.fr/fr/statistiques/fichier/4507225/base-filosofi-2017_CSV.zip,2026-04-01T19:29:55.428669,INSEE_FILOSOFI_2017
69294,1093,2734,25280,67,,,,,,,,,,75.7,70.5,2.5,2.7,27.3,11,3.2,2,0.8,0.4,-17.2,15330,40160,2.6,2017,https://www.insee.fr/fr/statistiques/fichier/4507225/base-filosofi-2017_CSV.zip,2026-04-01T19:29:55.428669,INSEE_FILOSOFI_2017
69295,681,1766,26150,,,,,,,,,,,,,,,,,,,,,,,,,2017,https://www.insee.fr/fr/statistiques/fichier/4507225/base-filosofi-2017_CSV.zip,2026-04-01T19:29:55.428669,INSEE_FILOSOFI_2017
69296,1152,3059,26910,71,,,,,,,,,,78.9,72.3,2.4,4.2,25,11.8,3,1.8,0.7,0.5,-18.7,15280,45020,2.9,2017,https://www.insee.fr/fr/statistiques/fichier/4507225/base-filosofi-2017_CSV.zip,2026-04-01T19:29:55.428669,INSEE_FILOSOFI_2017
69297,2069,5527,25430,66,8,,,,,,,,19,76.4,70.3,2.4,3.7,27.7,10.3,3.4,2,0.8,0.6,-17.8,14230,41570,2.9,2017,https://www.insee.fr/fr/statistiques/fichier/4507225/base-filosofi-2017_CSV.zip,2026-04-01T19:29:55.428669,INSEE_FILOSOFI_2017
69298,1102,3042,26950,73,,,,,,,,,,84.8,77.9,2.4,4.5,20.6,10.7,2.4,1.8,0.4,0.2,-18.5,17200,41370,2.4,2017,https://www.insee.fr/fr/statistiques/fichier/4507225/base-filosofi-2017_CSV.zip,2026-04-01T19:29:55.428669,INSEE_FILOSOFI_2017
69299,937,2483,24720,65,,,,,,,,,,83.9,77.2,3.2,3.5,21.4,7.6,2.8,1.8,0.6,0.4,-15.7,15660,37990,2.4,2017,https://www.insee.fr/fr/statistiques/fichier/4507225/base-filosofi-2017_CSV.zip,2026-04-01T19:29:55.428669,INSEE_FILOSOFI_2017
